{"current":{"color_body_bg":"#ffffff","color_body_text":"#000000","color_button":"#ffa3f1","color_button_text":"#ffffff","color_sale_price":"#ffa3f1","color_sale_tag":"#ffa3f1","color_cart_dot":"#ff2300","color_cart_dot_text":"#6fb0ff","color_alt_bg":"#f9f9f9","color_alt_text":"#000000","color_announcement":"#ffa3f1","color_announcement_text":"#ffffff","color_newsletter":"#000000","color_newsletter_text":"#ffffff","color_drawer_background":"#ffffff","color_drawer_text":"#000000","color_image_text":"#ffffff","color_image_overlay":"#000000","color_image_overlay_opacity":10,"color_image_overlay_text_shadow":30,"color_small_image_bg":"#f0f0f0","color_large_image_bg":"#000000","type_header_font_family":"roboto_condensed_i7","type_header_capitalize":false,"type_header_spacing":-25,"type_header_base_size":46,"type_header_line_height":1,"type_base_font_family":"roboto_condensed_n4","type_product_capitalize":false,"type_base_spacing":25,"type_base_size":18,"type_base_line_height":1.6,"button_type_style":"caps","button_style":"round","type_navigation_size":24,"animate_images":true,"animate_page_transitions":true,"logo_loader_image":"","desktop_loader_width":100,"mobile_loader_width":100,"product_hover_details":true,"product_hover_image":true,"product_image_scatter":false,"product_grid_image_size":"natural","vendor_enable":false,"product_save_amount":false,"product_save_type":"dollar","product_color_swatches":false,"collection_color_swatches":false,"additional_content_style":"tab","product_content_1":"","product_content_2":"","product_content_3":"","trust_image":"","product_contact":false,"product_contact_title":"Ask a question","product_contact_show_phone":false,"enable_product_reviews":true,"enable_product_reviews_collection":true,"quick_shop_enable":false,"quick_shop_style":"full","product_image_size":"large","product_image_type":"stacked","product_zoom_enable":true,"product_shipping_callout":"","sku_enable":false,"inventory_enable":false,"inventory_threshold":10,"inventory_transfers_enable":false,"social_enable":true,"cart_type":"sticky","cart_icon":"bag","cart_additional_buttons":false,"cart_notes_enable":false,"cart_terms_conditions_enable":false,"cart_terms_conditions_link":"","social_instagram_link":"","social_facebook_link":"","social_twitter_link":"","social_pinterest_link":"","social_snapchat_link":"","social_tumblr_link":"","social_linkedin_link":"","social_youtube_link":"","social_vimeo_link":"","share_facebook":false,"share_twitter":false,"share_pinterest":false,"homepage_social_image":"","favicon":"shopify:\/\/shop_images\/octoplushies_favicon_1_a1150129-9fda-45bb-b464-c24c0dbdd7e6.png","search_type":"product","checkout_header_image":"","checkout_logo_image":"shopify:\/\/shop_images\/Copy_of_Untitled_2.png","checkout_logo_position":"left","checkout_logo_size":"medium","checkout_body_background_image":"","checkout_body_background_color":"#ffffff","checkout_input_background_color_mode":"white","checkout_sidebar_background_image":"","checkout_sidebar_background_color":"#fafafa","checkout_heading_font":"Helvetica Neue","checkout_body_font":"Helvetica Neue","checkout_accent_color":"#111111","checkout_button_color":"#ffa3f1","checkout_error_color":"#ff6d6d","animate_page_transition_style":"page-logo","checkout_banner_background_color":"#fff","checkout_call_to_action_color":"#a26b25","checkout_use_header_image":false,"color_image_bg":"#000000","product_video_style":"muted","reviews_layout":"full","sections":{"header":{"type":"header","settings":{"header_style":"button","main_menu_alignment":"center","sticky_index":false,"sticky_collection":false,"header_search_enable":true,"logo":"shopify:\/\/shop_images\/Copy_of_Untitled_2.png","desktop_logo_width":320,"mobile_logo_width":160,"logo_hide_mobile":false,"main_menu_link_list":"main-menu","show_announcement":true,"show_announcement_home_only":false,"announcement_text":"FREE WORLDWIDE DELIVERY"}},"footer":{"type":"footer","settings":{"show_newsletter":false,"newsletter_title":"Sign up and save","newsletter_richtext":"<p>Join the know and receive exclusive discounts and deals!<\/p>","show_locale_selector":true,"show_currency_selector":false,"show_currency_flags":false,"show_social_icons":true,"menu":"footer","show_payment_icons":true,"show_copyright":true,"copyright_text":""}},"collection-template":{"type":"collection-template","settings":{"per_row_desktop":3,"per_row_mobile":"2-flush","description_bottom":false}},"product-template":{"type":"product-template","settings":{"product_image_size":"large","product_image_type":"stacked","product_zoom_enable":true,"enable_video_looping":true,"product_video_style":"muted","enable_payment_button":true,"product_shipping_callout":"Enjoy Free Worldwide Shipping!","variant_type":"dropdown","variant_labels_enable":true,"sku_enable":false,"inventory_enable":false,"inventory_threshold":10,"inventory_transfers_enable":false,"quantity_enable":false,"social_enable":false}},"article-template":{"type":"article-template","settings":{"blog_show_image":true,"blog_show_tags":true,"blog_show_date":true,"blog_show_comments":true,"blog_show_author":false,"social_sharing_blog":true}},"blog-template":{"type":"blog-template","settings":{"layout":"grid","post_limit":9,"blog_show_tag_filter":true,"blog_show_rss":false,"blog_show_tags":true,"blog_show_date":true,"blog_show_comments":true,"blog_show_author":false,"blog_show_excerpt":false,"blog_image_size":"wide"}},"product-sections":{"type":"product-sections","blocks":{"ad875d3d-4a2c-48f9-abdb-84e4c92b04d8":{"type":"marquee","settings":{"text":"FREE SHIPPING | EASY RETURNS","link":"shopify:\/\/products\/snuggie%E2%84%A2-hood","text_size":70,"text_spacing":true,"color_scheme":"button","direction":"left","speed":"normal"}}},"block_order":["ad875d3d-4a2c-48f9-abdb-84e4c92b04d8"],"settings":{}},"page-sections-template":{"type":"page-sections-template","blocks":{"1559681273277":{"type":"image-hero","settings":{"title":"Two line\ntitle image","title_size":80,"subheading":"And an optional subheading","link":"","link_text":"Optional button","text_align":"vertical-center horizontal-center","image":"","desktop_size":0,"image_mobile":"","mobile_size":0,"focal_point":"center center"}},"1558643031646":{"type":"text-and-image","settings":{"image":"","image2":"","image_width":450,"subtitle":"","title":"Image with text","text":"<p>Pair large text with an image to tell a story, explain a detail about your product, or describe a new promotion.<\/p>","button_label":"","button_link":"","button_style":"primary","layout":"right","alt":false}},"1558643392013":{"type":"map","settings":{"map_title":"Our retail store","address":"<p>301 Front St W<br>Toronto, Canada<\/p><p>Mon - Fri, 8:30am - 10:30pm<br>Saturday, 8:30am - 10:30pm<br>Sunday, 8:30am - 10:30pm<\/p>","map_address":"301 Front St W, Toronto, ON M5V 2T6","api_key":"","background_image":"","background_image_position":"center center"}},"1558643431127":{"type":"collection-slider","settings":{"title":"Featured collection","description":"","collection":"","per_row":"large","alt":false}},"1558643225272":{"type":"hero-video","settings":{"title":"Keep it short\nand sweet.","title_size":60,"subheading":"Explain your brand in more depth on your product pages","link_text":"","link":"","text_align":"vertical-center horizontal-center","video_url":"https:\/\/www.youtube.com\/watch?v=_9VUPq3SxOc","section_height":"750px","mobile_height":"100vh"}}},"block_order":["1559681273277","1558643031646","1558643392013","1558643431127","1558643225272"],"settings":{"page_title_enable":false,"page_content_enable":true}},"newsletter-popup":{"type":"newsletter-popup","settings":{"mode":"disabled","popup_seconds":5,"popup_days":30,"popup_title":"Sign up and save","popup_text":"<p>Entice customers to sign up for your mailing list with discounts or exclusive offers.<\/p>","enable_newsletter":true,"button_label":""}},"list-collections-template":{"type":"list-collections-template","settings":{"title_enable":true,"display_type":"all","sort":"alphabetical"}},"product-recommendations":{"type":"product-recommendations","settings":{"show_product_recommendations":true,"product_recommendations_heading":"You may also like","per_row":"small"}},"social":{"type":"social","blocks":{"1587222935227":{"type":"post","settings":{"link":"https:\/\/www.instagram.com\/p\/B_AXDggJmL1\/","product":"","account":"@vibiings","caption":"enter your galaxy @neoini","likes":"648"}},"1591547878222":{"type":"post","settings":{"link":"https:\/\/www.instagram.com\/p\/CBI13GSpCns\/","product":"","account":"@vibiings","caption":"experience the galaxy in your room 💕 @rio_lilsxo","likes":"244"}},"1591801420445":{"type":"post","settings":{"link":"https:\/\/www.instagram.com\/p\/CBLJAP0pEVL\/","product":"","account":"@vibiings","caption":"the stars in your room 💕","likes":"162"}},"1591801467615":{"type":"post","settings":{"link":"https:\/\/www.instagram.com\/p\/CBQg4lDpVlV\/","product":"","account":"@vibiings","caption":"get your vibe on @alyssadaveigaa","likes":"234"}},"1591801540246":{"type":"post","settings":{"link":"https:\/\/www.instagram.com\/p\/CBPHjtupJkE\/","product":"","account":"@vibiings","caption":"to infinity & beyond 💫🌌 @_amandaha","likes":"229"}},"1592230906876":{"type":"post","settings":{"link":"https:\/\/www.instagram.com\/p\/CBQmCvtJk0X\/","product":"","account":"@vibiings","caption":"💕🌌 @richardwisker","likes":"178"}},"1592231003188":{"type":"post","settings":{"link":"https:\/\/www.instagram.com\/p\/CBVK2-FpX_I\/","product":"","account":"@vibiings","caption":"experience the vibes💫 @r.adrianaaaa","likes":"213"}},"1592231066920":{"type":"post","settings":{"link":"https:\/\/www.instagram.com\/p\/CBXug8jJQO6\/","product":"","account":"@vibiings","caption":"keep vibin 🌌 @parisroseprince","likes":"254"}},"1592231123821":{"type":"post","settings":{"link":"https:\/\/www.instagram.com\/p\/CBZMdzFJZLs\/","product":"","account":"@vibiings","caption":"☺️😊 💕 @sidsssssssss","likes":"142"}},"1593938893764":{"type":"post","settings":{"link":"https:\/\/www.instagram.com\/p\/CCLUa79po2z\/","product":"","account":"@vibiings","caption":"the cactus neon lights 🌵 💕😍 @alyssadaveigaa","likes":"190"}},"1593938945083":{"type":"post","settings":{"link":"https:\/\/www.instagram.com\/p\/CCN3xWAJfvD\/","product":"","account":"@vibiings","caption":"the stars are nothing compared to your eyes 💕💫","likes":"155"}},"1594410311443":{"type":"post","settings":{"link":"https:\/\/www.instagram.com\/p\/CCWUpAxpX95\/","product":"","account":"@vibiings","caption":"she wasn’t a constellation, she was a galaxy 💕","likes":"554"}}},"block_order":["1587222935227","1591547878222","1591801420445","1591801467615","1591801540246","1592230906876","1592231003188","1592231066920","1592231123821","1593938893764","1593938945083","1594410311443"],"settings":{"enable_home":false,"enable_product":false,"enable_collection":false,"title":"Feature us on your Instagram!","description":"<p>Send in your pics to @vibiings<\/p>"}},"collection-header":{"type":"collection-header","settings":{"collection_image_enable":true,"description_enable":true}},"collection-filters":{"type":"collection-filters","settings":{"filter_type":"groups","tags_combine":false,"collection_sort_enable":false}},"1586968672064":{"type":"slideshow","blocks":{"1586968672064-0":{"type":"image","settings":{"title":"The Snuggie™","title_size":80,"subheading":"Taking comfort to the next level","link":"shopify:\/\/products\/snuggie™-hood","link_text":"SHOP NOW","text_align":"vertical-center horizontal-center","image":"shopify:\/\/shop_images\/IMG_77692_1024x1024_2x_7d54d8ab-14dd-4bfc-9473-7178baf28bd8.jpg","focal_point":"50% 90%"}}},"block_order":["1586968672064-0"],"settings":{"style":"minimal","desktop_size":0,"mobile_size":0,"autoplay":false,"autoplay_speed":7}},"1590696781904":{"type":"featured-product","settings":{"featured_product":"snuggie™-hood","product_image_type":"slider","enable_video_looping":true,"product_video_style":"muted","show_description":false,"enable_payment_button":true,"product_shipping_callout":"","variant_type":"button","variant_labels_enable":true,"sku_enable":false,"inventory_enable":false,"inventory_threshold":10,"inventory_transfers_enable":false,"quantity_enable":false}},"1601473591592":{"type":"slideshow","blocks":{"1601473591592-0":{"type":"image","settings":{"title":"","title_size":80,"subheading":"So soft to touch, we use high quality fluffy sherpa on the inside to give you the best snuggly experience.","link":"shopify:\/\/products\/snuggie™-hood","link_text":"Shop Now","text_align":"vertical-center horizontal-center","image":"shopify:\/\/shop_images\/H65a5b5f8fec64ee6a8ff942d3af79b86T_1024x1024_2x_500da2a5-484c-4900-b60b-596b3c6dc4fb.jpg","focal_point":"center center"}}},"block_order":["1601473591592-0"],"settings":{"style":"minimal","desktop_size":0,"mobile_size":0,"autoplay":false,"autoplay_speed":7}},"1603242077ecb02392":{"type":"marquee","settings":{"text":"FREE SHIPPING | EASY RETURNS","text_size":70,"text_spacing":true,"color_scheme":"button","direction":"left","speed":"normal"}}},"content_for_index":["1586968672064","1590696781904","1601473591592","1603242077ecb02392"]},"presets":{"Core":{"animate_images":true,"animate_page_transition_style":"page-logo","button_style":"round","cart_type":"sticky","checkout_accent_color":"#111111","checkout_banner_background_color":"#fff","checkout_body_background_color":"#fff","checkout_body_font":"Helvetica Neue","checkout_button_color":"#111111","checkout_call_to_action_color":"#a26b25","checkout_error_color":"#ff6d6d","checkout_heading_font":"Helvetica Neue","checkout_input_background_color_mode":"white","checkout_logo_position":"left","checkout_logo_size":"medium","checkout_sidebar_background_color":"#fafafa","checkout_use_header_image":false,"color_alt_bg":"#f9f9f9","color_alt_text":"#000000","color_announcement":"#000000","color_announcement_text":"#ffffff","color_body_bg":"#ffffff","color_cart_dot":"#FF2300","color_drawer_background":"#ffffff","color_drawer_text":"#000000","color_image_overlay":"#000","color_image_overlay_opacity":10,"color_image_text":"#fff","color_large_image_bg":"#000000","color_newsletter":"#000","color_newsletter_text":"#fff","color_small_image_bg":"#f0f0f0","desktop_loader_width":100,"mobile_loader_width":100,"product_grid_image_size":"natural","product_hover_details":false,"product_hover_image":true,"product_image_scatter":false,"product_video_style":"muted","type_base_font_family":"roboto_condensed_n4","type_base_line_height":1.6,"type_base_size":18,"type_base_spacing":"25","type_header_base_size":46,"type_header_capitalize":true,"type_header_font_family":"roboto_condensed_i7","type_header_line_height":1,"type_header_spacing":"-25","type_product_capitalize":false,"sections":{"header":{"type":"header","settings":{"sticky_index":true,"sticky_collection":false,"header_search_enable":false,"show_announcement":false,"show_announcement_home_only":false}},"footer":{"type":"footer","settings":{"show_newsletter":false,"show_social_icons":true,"menu":"footer","show_payment_icons":false,"show_copyright":false}},"collection-template":{"type":"collection-template","settings":{"per_row_desktop":3}},"product-template":{"type":"product-template","settings":{}},"article-template":{"type":"article-template","settings":{"blog_show_image":true,"blog_show_tags":true,"blog_show_date":true,"blog_show_comments":true,"blog_show_author":false,"social_sharing_blog":true}},"blog-template":{"type":"blog-template","settings":{"blog_show_tag_filter":true,"blog_show_rss":false,"blog_show_tags":true,"blog_show_date":true,"blog_show_comments":true,"blog_show_author":false}},"product-sections":{"type":"product-sections","blocks":{"product-text-columns":{"type":"text-columns","settings":{"title":"Why choose us?","align_text":"center","alt":true,"enable_image_1":false,"image_width_1":650,"title_1":"Reason one","text_1":"<p>Use this section to explain your company philosophy or standards. Add images for emphasis. This content will appear on all products.<\/p>","enable_image_2":false,"image_width_2":650,"title_2":"Reason two","text_2":"<p>Use this section to explain your company philosophy or standards. Add images for emphasis. This content will appear on all products.<\/p>","enable_image_3":false,"image_width_3":650,"title_3":"","text_3":""}},"product-text-and-image":{"type":"text-and-image","settings":{"image_width":700,"text":"<p>Pair large text with an image to tell a story, explain a detail about your products, or describe a new promotion.<\/p>","button_style":"primary","layout":"right"}},"product-background-image-text":{"type":"background-image-text","settings":{"layout":"right"}}},"block_order":["product-text-columns","product-text-and-image","product-background-image-text"],"settings":{}},"page-sections-template":{"type":"page-sections-template","blocks":{"1559681273277":{"type":"image-hero","settings":{"title_size":80,"text_align":"vertical-center horizontal-center"}},"1558643031646":{"type":"text-and-image","settings":{"image_width":450,"button_style":"primary","layout":"right"}},"1558643392013":{"type":"map","settings":{}},"1558643431127":{"type":"collection-slider","settings":{"per_row":"large"}},"1558643225272":{"type":"hero-video","settings":{"title":"Keep it short\nand sweet.","title_size":60,"subheading":"Explain your brand in more depth on your product pages","text_align":"vertical-center horizontal-center","section_height":"750px","mobile_height":"100vh"}}},"block_order":["1559681273277","1558643031646","1558643392013","1558643431127","1558643225272"],"settings":{"page_title_enable":false,"page_content_enable":true}},"newsletter-popup":{"type":"newsletter-popup","settings":{"mode":"disabled","popup_seconds":5,"popup_days":30,"enable_newsletter":true}},"1543003878234":{"type":"featured-collections","blocks":{"1543003878234-0":{"type":"collection","settings":{}},"1543003878234-1":{"type":"collection","settings":{}},"1543003878234-2":{"type":"collection","settings":{}},"1543003878234-3":{"type":"collection","settings":{}}},"block_order":["1543003878234-0","1543003878234-1","1543003878234-2","1543003878234-3"],"settings":{"alt":true}},"list-collections-template":{"type":"list-collections-template","settings":{}},"1556162802939":{"type":"featured-collection-slider","settings":{}},"1556162914490":{"type":"featured-collection-slider","settings":{}},"1558626745581":{"type":"featured-content","settings":{"align_text":"center","narrow_column":true,"enlarge_text":true}},"1559096311192":{"type":"hero-animated","blocks":{"1559096311192-0":{"type":"image","settings":{}},"1559097202495":{"type":"image","settings":{}},"1559096311192-2":{"type":"image","settings":{}}},"block_order":["1559096311192-0","1559097202495","1559096311192-2"],"settings":{"style":"gif","title_size":82,"text_align":"vertical-center horizontal-left"}},"1559098181700":{"type":"slideshow","blocks":{"1559098181700-0":{"type":"image","settings":{"title_size":80,"text_align":"vertical-bottom horizontal-left"}}},"block_order":["1559098181700-0"],"settings":{}},"1559321610782":{"type":"hero-video","settings":{"title":"Keep it short\nand sweet.","title_size":80,"subheading":"Explain your brand in more depth on your product pages","text_align":"vertical-bottom horizontal-center","section_height":"750px","mobile_height":"100vh"}},"product-recommendations":{"type":"product-recommendations","settings":{"show_product_recommendations":true}},"1559585995085":{"type":"featured-collection-slider","settings":{}},"1559586187853":{"type":"newsletter","settings":{}},"1559687247066":{"type":"text-and-image","settings":{"image_width":700,"button_style":"primary","layout":"right"}},"1559687361077":{"type":"text-and-image","settings":{"image_width":700,"button_style":"primary","layout":"left"}},"1559687710135":{"type":"map","settings":{}}},"content_for_index":["1559321610782","1559585995085","1558626745581","1559096311192","1556162914490","1559098181700","1556162802939","1543003878234","1559687247066","1559687361077","1559586187853","1559687710135"]},"Luxe":{"animate_images":true,"animate_page_transition_style":"page-logo","button_style":"shadow","cart_type":"sticky","checkout_accent_color":"#111111","checkout_banner_background_color":"#fff","checkout_body_background_color":"#fff","checkout_body_font":"Helvetica Neue","checkout_button_color":"#111111","checkout_call_to_action_color":"#a26b25","checkout_error_color":"#ff6d6d","checkout_heading_font":"Helvetica Neue","checkout_input_background_color_mode":"white","checkout_logo_position":"left","checkout_logo_size":"medium","checkout_sidebar_background_color":"#fafafa","checkout_use_header_image":false,"color_alt_bg":"#ffffff","color_alt_text":"#333029","color_announcement":"#c67066","color_announcement_text":"#ffffff","color_body_bg":"#fdfbfa","color_body_text":"#333029","color_button":"#c67066","color_button_text":"#ffffff","color_cart_dot":"#c67066","color_drawer_background":"#fdf9f5","color_drawer_text":"#333029","color_image_bg":"#000000","color_image_overlay":"#000","color_image_overlay_opacity":10,"color_image_text":"#fff","color_large_image_bg":"#eee5e0","color_newsletter":"#c67066","color_newsletter_text":"#ffffff","color_sale_price":"#333029","color_sale_tag":"#c67066","color_small_image_bg":"#fdfbfa","desktop_loader_width":140,"mobile_loader_width":130,"product_grid_image_size":"natural","product_hover_details":true,"product_hover_image":true,"product_image_scatter":false,"product_video_style":"muted","reviews_layout":"full","type_base_font_family":"futura_n4","type_base_line_height":1.7,"type_base_size":18,"type_base_spacing":"25","type_header_base_size":50,"type_header_capitalize":false,"type_header_font_family":"itc_novarese_n5","type_header_line_height":1.1,"type_header_spacing":"0","type_product_capitalize":false,"sections":{"header":{"type":"header","settings":{"sticky_index":true,"sticky_collection":true,"header_search_enable":false,"show_announcement":true,"show_announcement_home_only":false}},"footer":{"type":"footer","settings":{"show_newsletter":true,"show_social_icons":true,"show_payment_icons":false,"show_copyright":false}},"collection-template":{"type":"collection-template","settings":{"per_row_desktop":3}},"product-template":{"type":"product-template","settings":{}},"article-template":{"type":"article-template","settings":{"blog_show_image":false,"blog_show_tags":true,"blog_show_date":false,"blog_show_comments":true,"blog_show_author":false,"social_sharing_blog":false}},"blog-template":{"type":"blog-template","settings":{"blog_show_tag_filter":true,"blog_show_rss":false,"blog_show_tags":true,"blog_show_date":false,"blog_show_comments":true,"blog_show_author":false}},"product-sections":{"type":"product-sections","blocks":{"product-text-columns":{"type":"text-columns","settings":{"title":"Why choose us?","align_text":"center","alt":true,"enable_image_1":false,"image_width_1":650,"title_1":"Reason one","text_1":"<p>Use this section to explain your company philosophy or standards. Add images for emphasis. This content will appear on all products.<\/p>","enable_image_2":false,"image_width_2":650,"title_2":"Reason two","text_2":"<p>Use this section to explain your company philosophy or standards. Add images for emphasis. This content will appear on all products.<\/p>","enable_image_3":false,"image_width_3":650,"title_3":"","text_3":""}},"product-text-and-image":{"type":"text-and-image","settings":{"image_width":700,"text":"<p>Pair large text with an image to tell a story, explain a detail about your products, or describe a new promotion.<\/p>","button_style":"primary","layout":"right"}},"product-background-image-text":{"type":"background-image-text","settings":{"layout":"right"}}},"block_order":["product-text-columns","product-text-and-image","product-background-image-text"],"settings":{}},"page-sections-template":{"type":"page-sections-template","blocks":{"1558643031646":{"type":"text-and-image","settings":{"image_width":400,"button_style":"primary","layout":"right"}},"1558643225272":{"type":"hero-video","settings":{"title":"Keep it short\nand sweet.","title_size":47,"subheading":"Explain your brand in more depth on your product pages","text_align":"vertical-center horizontal-center","section_height":"750px","mobile_height":"100vh"}},"1558643431127":{"type":"collection-slider","settings":{"per_row":"small"}},"1558643392013":{"type":"map","settings":{}}},"block_order":["1558643031646","1558643225272","1558643431127","1558643392013"],"settings":{"page_title_enable":true,"page_content_enable":true}},"newsletter-popup":{"type":"newsletter-popup","settings":{"mode":"disabled","popup_seconds":5,"popup_days":30,"enable_newsletter":true}},"list-collections-template":{"type":"list-collections-template","settings":{"title_enable":true,"display_type":"all"}},"1555097143929":{"type":"text-and-image","settings":{"image_width":700,"button_style":"btn","layout":"right"}},"1555439851826":{"type":"background-image-text","settings":{"color_border":"#4f1c3a","layout":"right"}},"1556162802939":{"type":"featured-collection-slider","settings":{}},"1556162914490":{"type":"featured-collection-slider","settings":{}},"1558625522348":{"type":"background-image-text","settings":{"color_border":"#4f1c3a","layout":"left"}},"1558626497917":{"type":"hero-video","settings":{"title":"Keep it short\nand sweet.","title_size":80,"subheading":"Explain your brand in more depth on your product pages","text_align":"vertical-center horizontal-center","section_height":"750px","mobile_height":"100vh"}},"1558626745581":{"type":"featured-content","settings":{"align_text":"center","narrow_column":true,"enlarge_text":true}},"1559155590855":{"type":"text-columns","blocks":{"1559155590855-0":{"type":"text_block","settings":{"enable_image":false,"title":"Reason one"}},"1559155590855-1":{"type":"text_block","settings":{"enable_image":false,"title":"Reason two"}}},"block_order":["1559155590855-0","1559155590855-1"],"settings":{"title":"Why choose us?","align_text":"center","alt":true}},"password-header":{"type":"password-header","settings":{}},"password-content":{"type":"password-content","settings":{"newsletter_enable":true,"show_share_buttons":false,"show_image":true}},"product-recommendations":{"type":"product-recommendations","settings":{"show_product_recommendations":true,"per_row":"small"}}},"content_for_index":["1558626497917","1556162914490","1558626745581","1555097143929","1555439851826","1559155590855","1556162802939","1558625522348"]},"Hype":{"animate_images":false,"animate_page_transition_style":"page-logo","button_style":"shadow","cart_type":"sticky","checkout_accent_color":"#111111","checkout_body_background_color":"#fff","checkout_body_font":"Helvetica Neue","checkout_button_color":"#111111","checkout_error_color":"#ff6d6d","checkout_heading_font":"Helvetica Neue","checkout_input_background_color_mode":"white","checkout_logo_position":"left","checkout_logo_size":"medium","checkout_sidebar_background_color":"#fafafa","color_alt_bg":"#000000","color_alt_text":"#ffffff","color_announcement":"#000000","color_announcement_text":"#ffffff","color_body_bg":"#ffffff","color_cart_dot":"#FF2300","color_drawer_background":"#ffffff","color_drawer_text":"#000000","color_image_bg":"#000000","color_image_overlay":"#000","color_image_overlay_opacity":10,"color_image_text":"#fff","color_large_image_bg":"#000000","color_newsletter":"#000000","color_newsletter_text":"#fff","color_small_image_bg":"#f2f2f2","desktop_loader_width":190,"mobile_loader_width":180,"product_grid_image_size":"natural","product_hover_details":false,"product_hover_image":true,"product_image_scatter":true,"product_video_style":"muted","reviews_layout":"full","type_base_font_family":"basic_commercial_n7","type_base_line_height":1.3,"type_base_size":20,"type_base_spacing":"25","type_header_base_size":48,"type_header_capitalize":true,"type_header_font_family":"basic_commercial_n7","type_header_line_height":0.9,"type_header_spacing":"25","type_product_capitalize":true,"sections":{"header":{"type":"header","settings":{"sticky_index":true,"sticky_collection":true,"header_search_enable":false,"show_announcement":false}},"footer":{"type":"footer","settings":{"show_newsletter":false}},"collection-template":{"type":"collection-template","settings":{"per_row_desktop":3}},"product-template":{"type":"product-template","settings":{}},"article-template":{"type":"article-template","settings":{"blog_show_image":true,"blog_show_tags":true,"blog_show_date":true,"blog_show_comments":true,"blog_show_author":false,"social_sharing_blog":true}},"blog-template":{"type":"blog-template","settings":{"blog_show_tag_filter":true,"blog_show_rss":false,"blog_show_tags":true,"blog_show_date":true,"blog_show_comments":true,"blog_show_author":false}},"product-sections":{"type":"product-sections","blocks":{"product-text-columns":{"type":"text-columns","settings":{"title":"Why choose us?","align_text":"center","alt":true,"enable_image_1":false,"image_width_1":650,"title_1":"Reason one","text_1":"<p>Use this section to explain your company philosophy or standards. Add images for emphasis. This content will appear on all products.<\/p>","enable_image_2":false,"image_width_2":650,"title_2":"Reason two","text_2":"<p>Use this section to explain your company philosophy or standards. Add images for emphasis. This content will appear on all products.<\/p>","enable_image_3":false,"image_width_3":650,"title_3":"","text_3":""}},"product-text-and-image":{"type":"text-and-image","settings":{"image_width":700,"text":"<p>Pair large text with an image to tell a story, explain a detail about your products, or describe a new promotion.<\/p>","button_style":"primary","layout":"right"}},"product-background-image-text":{"type":"background-image-text","settings":{"layout":"right"}}},"block_order":["product-text-columns","product-text-and-image","product-background-image-text"],"settings":{}},"page-sections-template":{"type":"page-sections-template","blocks":{"1558643031646":{"type":"text-and-image","settings":{"image_width":400,"button_style":"primary","layout":"right"}},"1558643431127":{"type":"collection-slider","settings":{"per_row":"small"}}},"block_order":["1558643031646","1558643431127"],"settings":{"page_title_enable":true,"page_content_enable":true}},"newsletter-popup":{"type":"newsletter-popup","settings":{"mode":"disabled","popup_seconds":5,"popup_days":30,"enable_newsletter":true}},"list-collections-template":{"type":"list-collections-template","settings":{}},"1555097143929":{"type":"text-and-image","settings":{}},"1556162802939":{"type":"featured-collection-slider","settings":{}},"1556162914490":{"type":"featured-collection-slider","settings":{}},"1559240039950":{"type":"hero-animated","blocks":{"1559240039950-0":{"type":"image","settings":{}},"1559240039950-1":{"type":"image","settings":{}},"1559309176406":{"type":"image","settings":{}}},"block_order":["1559240039950-0","1559240039950-1","1559309176406"],"settings":{"style":"gif","title_size":72,"text_align":"vertical-bottom horizontal-right"}},"1559241610369":{"type":"marquee","settings":{"text":"☞ FREE SHIPPING AND RETURNS","text_size":70,"text_spacing":true,"color_scheme":"text","direction":"left"}},"product-recommendations":{"type":"product-recommendations","settings":{"show_product_recommendations":true,"per_row":"large"}},"1559249041610":{"type":"hero-video","settings":{"title":"Keep it short\nand sweet.","title_size":80,"subheading":"Explain your brand in more depth on your product pages","text_align":"vertical-bottom horizontal-left","section_height":"750px","mobile_height":"100vh"}}},"content_for_index":["1559240039950","1555097143929","1559241610369","1556162914490","1559249041610","1556162802939"]}}}